start_id,end_id,fecha_uso,primera_vez,veces_usado
CLI-0000,DEV-0089,2026-02-11 10:01:20,2025-07-23 11:35:27,67
CLI-0000,DEV-0118,2026-04-21 19:29:18,2026-01-25 00:01:19,88
CLI-0001,DEV-0089,2026-02-13 05:10:16,2025-05-04 04:33:01,24
CLI-0002,DEV-0086,2026-04-22 15:03:49,2025-09-17 03:59:34,53
CLI-0002,DEV-0016,2026-03-30 00:24:32,2025-10-25 23:02:02,33
CLI-0003,DEV-0058,2026-03-16 20:49:35,2025-10-06 23:58:33,19
CLI-0004,DEV-0019,2026-03-11 16:46:40,2025-10-19 08:25:40,60
CLI-0005,DEV-0093,2026-03-17 10:25:27,2025-06-15 05:31:47,92
CLI-0006,DEV-0067,2026-02-09 15:24:03,2025-11-28 13:08:18,64
CLI-0006,DEV-0099,2026-02-06 12:23:44,2025-07-23 05:50:46,10
CLI-0007,DEV-0112,2026-04-18 07:13:42,2025-11-24 00:09:31,13
CLI-0007,DEV-0050,2026-03-21 18:55:14,2025-12-17 02:51:08,22
CLI-0008,DEV-0033,2026-04-26 20:52:10,2025-10-23 00:13:00,94
CLI-0008,DEV-0043,2026-04-02 14:17:42,2025-07-14 06:04:25,81
CLI-0009,DEV-0102,2026-03-14 00:01:14,2026-01-08 00:41:50,33
CLI-0009,DEV-0080,2026-02-11 21:00:55,2025-12-20 13:50:14,53
CLI-0010,DEV-0120,2026-04-19 23:34:29,2025-06-22 17:27:10,37
CLI-0011,DEV-0114,2026-02-14 20:21:52,2025-08-18 04:25:25,19
CLI-0011,DEV-0033,2026-04-07 11:48:51,2025-07-19 19:45:55,91
CLI-0012,DEV-0080,2026-03-12 02:09:28,2025-05-19 12:37:35,40
CLI-0012,DEV-0115,2026-03-31 15:27:03,2025-07-25 05:50:10,51
CLI-0013,DEV-0015,2026-03-18 00:06:13,2025-09-02 20:59:37,95
CLI-0014,DEV-0120,2026-04-29 12:25:55,2025-07-03 16:25:00,45
CLI-0015,DEV-0043,2026-04-28 09:06:38,2026-01-28 06:44:30,49
CLI-0016,DEV-0047,2026-02-14 01:59:56,2025-07-06 15:07:05,25
CLI-0017,DEV-0056,2026-05-01 20:15:04,2026-01-24 00:39:51,95
CLI-0017,DEV-0020,2026-03-04 19:35:24,2025-11-29 01:20:26,6
CLI-0018,DEV-0123,2026-02-18 18:41:26,2025-05-14 11:33:47,68
CLI-0019,DEV-0119,2026-04-29 10:08:18,2025-09-01 18:47:04,69
CLI-0020,DEV-0123,2026-04-27 04:20:09,2025-07-24 15:29:44,90
CLI-0021,DEV-0029,2026-02-13 01:12:39,2025-06-30 06:07:21,88
CLI-0022,DEV-0117,2026-02-15 06:57:39,2025-06-10 23:54:04,39
CLI-0023,DEV-0040,2026-04-10 03:53:39,2025-07-01 07:13:22,88
CLI-0023,DEV-0116,2026-03-18 04:37:00,2025-11-30 08:37:26,53
CLI-0024,DEV-0084,2026-03-02 13:55:42,2025-06-04 16:50:46,22
CLI-0025,DEV-0015,2026-04-13 02:37:22,2025-05-29 16:14:13,84
CLI-0026,DEV-0097,2026-04-02 15:45:36,2025-06-05 02:08:10,73
CLI-0027,DEV-0085,2026-03-22 18:46:06,2025-06-08 05:49:47,74
CLI-0027,DEV-0120,2026-03-04 01:36:35,2025-11-29 16:47:09,43
CLI-0028,DEV-0015,2026-03-26 19:40:55,2025-07-20 11:37:44,51
CLI-0028,DEV-0143,2026-03-10 19:25:37,2025-11-22 02:50:07,67
CLI-0029,DEV-0047,2026-03-16 07:39:29,2026-01-14 12:00:26,50
CLI-0029,DEV-0126,2026-04-24 07:09:56,2025-12-17 00:37:47,20
CLI-0030,DEV-0008,2026-04-12 12:56:44,2026-01-17 21:33:15,14
CLI-0030,DEV-0070,2026-04-14 20:58:28,2025-12-14 04:33:25,55
CLI-0031,DEV-0128,2026-02-24 08:03:03,2025-06-14 16:33:02,54
CLI-0032,DEV-0029,2026-04-30 10:53:03,2025-07-07 11:45:43,34
CLI-0033,DEV-0016,2026-04-04 14:45:02,2025-12-15 10:36:09,63
CLI-0033,DEV-0002,2026-03-24 19:00:23,2025-12-28 08:04:52,67
CLI-0034,DEV-0107,2026-04-11 23:43:36,2025-11-07 11:58:07,16
CLI-0035,DEV-0141,2026-03-20 05:02:41,2025-05-03 04:07:59,47
CLI-0035,DEV-0053,2026-03-02 19:09:24,2025-11-23 17:28:28,45
CLI-0036,DEV-0056,2026-02-12 14:24:45,2025-10-23 12:16:21,41
CLI-0036,DEV-0066,2026-02-18 05:43:45,2025-10-16 04:06:31,74
CLI-0037,DEV-0035,2026-04-17 18:59:26,2025-09-14 03:25:30,84
CLI-0038,DEV-0040,2026-02-28 00:58:03,2025-11-25 23:08:58,23
CLI-0039,DEV-0086,2026-05-02 06:34:36,2025-09-12 02:29:41,57
CLI-0040,DEV-0116,2026-03-31 07:27:08,2025-10-26 02:55:00,51
CLI-0041,DEV-0147,2026-04-03 00:26:13,2025-06-02 16:52:55,3
CLI-0041,DEV-0110,2026-04-19 14:03:03,2025-10-02 14:11:12,54
CLI-0042,DEV-0063,2026-02-27 07:42:26,2025-08-21 04:25:42,59
CLI-0043,DEV-0130,2026-02-27 23:15:13,2025-11-04 17:50:34,80
CLI-0044,DEV-0017,2026-04-14 11:44:11,2025-10-26 18:20:50,40
CLI-0044,DEV-0035,2026-04-27 22:47:20,2025-06-12 04:24:15,55
CLI-0045,DEV-0117,2026-03-27 04:27:22,2025-05-03 17:32:34,45
CLI-0045,DEV-0052,2026-04-16 22:29:49,2025-09-08 17:55:06,7
CLI-0046,DEV-0053,2026-04-30 02:15:55,2025-12-18 08:22:17,11
CLI-0047,DEV-0045,2026-03-19 11:41:47,2025-09-27 09:53:04,36
CLI-0048,DEV-0082,2026-02-11 04:19:33,2025-12-01 21:10:28,37
CLI-0049,DEV-0054,2026-02-08 09:53:32,2025-08-04 15:32:36,72
CLI-0050,DEV-0067,2026-03-15 14:14:04,2025-08-16 15:32:00,22
CLI-0050,DEV-0142,2026-02-06 07:41:57,2026-01-04 17:30:12,24
CLI-0051,DEV-0074,2026-03-23 21:19:38,2025-09-11 03:06:03,72
CLI-0051,DEV-0109,2026-04-24 20:02:52,2025-05-28 03:11:34,47
CLI-0052,DEV-0080,2026-04-03 17:58:48,2025-07-30 07:54:22,5
CLI-0052,DEV-0003,2026-03-04 00:51:45,2025-08-11 00:37:25,17
CLI-0053,DEV-0011,2026-04-14 13:18:52,2025-09-09 12:48:02,67
CLI-0053,DEV-0095,2026-04-26 18:39:58,2025-08-03 03:32:01,52
CLI-0054,DEV-0128,2026-03-30 21:01:34,2025-09-03 02:33:59,61
CLI-0054,DEV-0049,2026-03-01 04:03:57,2025-05-31 07:46:07,7
CLI-0055,DEV-0148,2026-04-22 06:48:34,2026-01-06 02:24:14,60
CLI-0055,DEV-0064,2026-02-21 04:35:47,2025-10-26 22:50:51,81
CLI-0056,DEV-0075,2026-03-01 14:28:21,2025-05-31 10:42:09,91
CLI-0057,DEV-0147,2026-04-23 05:47:22,2025-06-10 07:43:41,38
CLI-0058,DEV-0145,2026-02-04 21:06:18,2026-01-05 17:20:56,83
CLI-0058,DEV-0028,2026-03-23 14:47:58,2025-05-04 11:33:34,68
CLI-0059,DEV-0092,2026-03-08 04:48:22,2025-09-28 04:40:51,1
CLI-0060,DEV-0003,2026-03-02 03:05:53,2025-11-22 07:16:39,32
CLI-0061,DEV-0115,2026-03-02 08:21:29,2025-12-22 08:36:14,85
CLI-0062,DEV-0075,2026-03-25 06:47:56,2025-09-17 19:44:42,71
CLI-0063,DEV-0013,2026-03-17 19:30:25,2025-08-09 10:15:28,39
CLI-0064,DEV-0062,2026-03-31 22:43:55,2026-01-07 21:14:26,68
CLI-0064,DEV-0074,2026-05-02 05:56:00,2025-10-18 00:53:31,93
CLI-0065,DEV-0046,2026-03-09 22:25:11,2025-10-17 17:30:01,3
CLI-0066,DEV-0080,2026-03-15 10:25:04,2025-10-04 05:45:17,52
CLI-0067,DEV-0055,2026-02-10 02:48:32,2025-08-01 03:07:27,87
CLI-0068,DEV-0063,2026-02-05 12:00:05,2025-08-25 17:50:07,24
CLI-0068,DEV-0080,2026-02-05 19:50:24,2025-09-21 05:50:38,17
CLI-0069,DEV-0006,2026-03-12 22:56:27,2025-09-19 00:49:19,49
CLI-0070,DEV-0009,2026-04-12 03:25:26,2025-08-20 06:13:33,51
CLI-0070,DEV-0147,2026-04-28 05:29:43,2025-10-07 01:24:10,58
CLI-0071,DEV-0043,2026-04-07 19:30:31,2025-08-10 00:08:17,67
CLI-0071,DEV-0129,2026-04-22 11:35:43,2025-11-30 02:23:03,35
CLI-0072,DEV-0108,2026-03-01 03:39:49,2026-01-11 12:15:06,60
CLI-0072,DEV-0107,2026-04-27 01:49:53,2025-08-08 15:20:16,100
CLI-0073,DEV-0067,2026-04-29 14:16:21,2025-09-10 12:34:59,75
CLI-0074,DEV-0088,2026-02-26 06:20:11,2025-10-06 05:07:03,83
CLI-0074,DEV-0119,2026-04-15 07:27:08,2025-08-06 11:05:37,53
CLI-0075,DEV-0004,2026-02-05 12:53:03,2025-06-08 19:37:22,98
CLI-0076,DEV-0069,2026-03-06 17:18:03,2025-08-17 00:53:25,28
CLI-0077,DEV-0138,2026-02-01 21:46:51,2025-05-29 23:10:54,14
CLI-0078,DEV-0002,2026-02-10 16:45:56,2025-06-27 03:54:00,95
CLI-0078,DEV-0073,2026-03-10 08:12:21,2025-06-18 18:04:32,27
CLI-0079,DEV-0007,2026-03-18 04:37:49,2025-07-09 11:09:35,48
CLI-0080,DEV-0018,2026-04-20 02:28:39,2025-11-16 10:42:33,87
CLI-0081,DEV-0144,2026-03-24 17:10:28,2025-12-01 05:32:04,66
CLI-0081,DEV-0031,2026-03-12 19:11:20,2025-07-21 14:25:19,84
CLI-0082,DEV-0022,2026-04-27 05:40:47,2025-10-29 22:13:28,85
CLI-0083,DEV-0012,2026-04-03 18:30:26,2025-08-06 00:33:57,89
CLI-0083,DEV-0018,2026-03-20 19:20:57,2025-06-10 22:55:40,72
CLI-0084,DEV-0040,2026-03-30 00:41:37,2025-09-19 04:43:25,53
CLI-0085,DEV-0084,2026-02-11 11:57:16,2025-10-25 01:59:46,9
CLI-0086,DEV-0125,2026-03-05 09:59:16,2025-11-26 22:24:00,24
CLI-0087,DEV-0001,2026-04-08 18:57:29,2025-07-11 06:40:28,64
CLI-0088,DEV-0004,2026-04-18 10:53:47,2025-09-13 19:10:21,94
CLI-0089,DEV-0080,2026-04-07 17:10:40,2025-09-13 14:51:17,78
CLI-0089,DEV-0066,2026-04-12 09:38:17,2025-10-31 19:01:40,12
CLI-0090,DEV-0041,2026-04-16 22:19:46,2025-10-19 05:09:29,91
CLI-0091,DEV-0002,2026-02-10 20:14:16,2025-09-26 16:34:10,86
CLI-0092,DEV-0113,2026-03-05 10:26:10,2025-06-01 00:13:03,76
CLI-0093,DEV-0084,2026-02-27 02:34:47,2025-08-18 07:44:39,25
CLI-0094,DEV-0126,2026-03-17 06:21:38,2026-01-28 14:03:08,79
CLI-0095,DEV-0106,2026-05-02 08:54:31,2025-08-05 22:24:07,74
CLI-0095,DEV-0098,2026-04-10 05:00:42,2025-07-22 02:19:23,15
CLI-0096,DEV-0070,2026-04-22 14:05:02,2025-07-12 09:11:25,3
CLI-0097,DEV-0133,2026-04-01 15:56:43,2025-07-31 01:47:13,86
CLI-0097,DEV-0053,2026-03-31 23:54:03,2026-01-16 22:09:06,46
CLI-0098,DEV-0118,2026-03-28 13:16:55,2025-09-10 04:35:21,54
CLI-0098,DEV-0087,2026-04-08 09:28:53,2025-07-03 11:45:51,88
CLI-0099,DEV-0072,2026-03-21 00:31:06,2026-01-12 02:01:07,82
CLI-0099,DEV-0030,2026-04-04 23:04:46,2025-05-07 10:52:41,79
